Student_ID,Gender,Study_Hours,Attendance,Previous_Marks,Assignment_Score,Sleep_Hours,Final_Marks
1,Female,2,70,58,60,6,55
2,Male,3,75,62,65,6,61
3,Female,4,82,70,72,7,69
4,Male,5,88,76,78,7,77
5,Female,2,68,55,58,5,56
6,Male,6,92,82,85,8,84
7,Female,3,76,65,68,6,66
8,Male,7,95,88,90,8,91
9,Female,4,84,73,75,7,74
10,Male,5,86,75,80,6,79
11,Female,6,90,80,82,7,83
12,Male,2,65,52,55,5,51
13,Female,8,97,91,94,8,95
14,Male,4,80,68,70,7,70
15,Female,3,74,61,64,6,63
16,Male,7,93,85,88,8,88
17,Female,5,85,77,79,7,78
18,Male,6,89,83,86,7,85
19,Female,2,69,57,59,5,58
20,Male,9,98,94,96,8,97
21,Female,4,81,71,74,6,73
22,Male,5,87,78,81,7,80
23,Female,7,94,87,89,8,90
24,Male,3,72,64,67,6,65
25,Female,6,91,84,87,7,86
26,Male,8,96,90,92,8,93
27,Female,4,83,72,76,6,75
28,Male,7,92,86,90,7,89
29,Female,5,86,79,82,7,81
30,Male,6,90,81,85,8,84